"RK",TIERS,"PLAYER NAME",TEAM,"POS","BYE WEEK","SOS SEASON","ECR VS. ADP"
"1",1,"Ja'Marr Chase",CIN,"WR1","10","3 out of 5 stars","0"
"2",1,"Bijan Robinson",ATL,"RB1","5","4 out of 5 stars","0"
"3",1,"CeeDee Lamb",DAL,"WR2","10","2 out of 5 stars","+3"
"4",1,"Justin Jefferson",MIN,"WR3","6","2 out of 5 stars","0"
"5",1,"Jahmyr Gibbs",DET,"RB2","8","2 out of 5 stars","0"
"6",2,"Malik Nabers",NYG,"WR4","14","2 out of 5 stars","+3"
"7",2,"Saquon Barkley",PHI,"RB3","9","3 out of 5 stars","-4"
"8",2,"Amon-Ra St. Brown",DET,"WR5","8","3 out of 5 stars","0"
"9",2,"Puka Nacua",LAR,"WR6","8","3 out of 5 stars","+1"
"10",2,"Nico Collins",HOU,"WR7","6","4 out of 5 stars","+4"
"11",2,"Christian McCaffrey",SF,"RB4","14","3 out of 5 stars","-4"
"12",2,"Brian Thomas Jr.",JAC,"WR8","8","4 out of 5 stars","+3"
"13",2,"Drake London",ATL,"WR9","5","3 out of 5 stars","+6"
"14",3,"Ashton Jeanty",LV,"RB5","8","2 out of 5 stars","-2"
"15",3,"A.J. Brown",PHI,"WR10","9","3 out of 5 stars","+3"
"16",3,"Brock Bowers",LV,"TE1","8","2 out of 5 stars","+1"
"17",3,"De'Von Achane",MIA,"RB6","12","4 out of 5 stars","-4"
"18",3,"Ladd McConkey",LAC,"WR11","12","3 out of 5 stars","+8"
"19",3,"Trey McBride",ARI,"TE2","8","5 out of 5 stars","+8"
"20",3,"Derrick Henry",BAL,"RB7","7","4 out of 5 stars","-9"
"21",3,"Jaxon Smith-Njigba",SEA,"WR12","8","3 out of 5 stars","+11"
"22",4,"Tee Higgins",CIN,"WR13","10","3 out of 5 stars","+6"
"23",4,"Josh Allen",BUF,"QB1","7","4 out of 5 stars","-2"
"24",4,"Garrett Wilson",NYJ,"WR14","9","4 out of 5 stars","+14"
"25",4,"Chase Brown",CIN,"RB8","10","4 out of 5 stars","0"
"26",4,"Lamar Jackson",BAL,"QB2","7","3 out of 5 stars","-4"
"27",4,"Josh Jacobs",GB,"RB9","5","4 out of 5 stars","-11"
"28",4,"Tyreek Hill",MIA,"WR15","12","3 out of 5 stars","+3"
"29",4,"Bucky Irving",TB,"RB10","9","3 out of 5 stars","-6"
"30",4,"Jonathan Taylor",IND,"RB11","11","2 out of 5 stars","-10"
"31",4,"Davante Adams",LAR,"WR16","8","3 out of 5 stars","+9"
"32",4,"George Kittle",SF,"TE3","14","3 out of 5 stars","+7"
"33",4,"Jayden Daniels",WAS,"QB3","12","2 out of 5 stars","-3"
"34",4,"Mike Evans",TB,"WR17","9","3 out of 5 stars","+7"
"35",5,"Kyren Williams",LAR,"RB12","8","3 out of 5 stars","-11"
"36",5,"Jalen Hurts",PHI,"QB4","9","3 out of 5 stars","-1"
"37",5,"Marvin Harrison Jr.",ARI,"WR18","8","4 out of 5 stars","+6"
"38",5,"DJ Moore",CHI,"WR19","5","2 out of 5 stars","+8"
"39",5,"Terry McLaurin",WAS,"WR20","12","3 out of 5 stars","+5"
"40",5,"Alvin Kamara",NO,"RB13","11","4 out of 5 stars","-4"
"41",5,"Kenneth Walker III",SEA,"RB14","8","3 out of 5 stars","+1"
"42",5,"James Cook",BUF,"RB15","7","4 out of 5 stars","-13"
"43",5,"Breece Hall",NYJ,"RB16","9","5 out of 5 stars","-9"
"44",5,"Courtland Sutton",DEN,"WR21","12","3 out of 5 stars","+7"
"45",5,"DK Metcalf",PIT,"WR22","5","4 out of 5 stars","+4"
"46",5,"Omarion Hampton",LAC,"RB17","12","2 out of 5 stars","-9"
"47",5,"Joe Burrow",CIN,"QB5","10","2 out of 5 stars","-14"
"48",5,"DeVonta Smith",PHI,"WR23","9","3 out of 5 stars","+6"
"49",6,"James Conner",ARI,"RB18","8","3 out of 5 stars","-2"
"50",6,"Tetairoa McMillan",CAR,"WR24","14","4 out of 5 stars","+10"
"51",6,"Chuba Hubbard",CAR,"RB19","14","3 out of 5 stars","-6"
"52",6,"Zay Flowers",BAL,"WR25","7","3 out of 5 stars","+7"
"53",6,"Jaylen Waddle",MIA,"WR26","12","3 out of 5 stars","+19"
"54",6,"Xavier Worthy",KC,"WR27","10","3 out of 5 stars","-1"
"55",6,"TreVeyon Henderson",NE,"RB20","14","4 out of 5 stars","-7"
"56",6,"Calvin Ridley",TEN,"WR28","10","4 out of 5 stars","+10"
"57",6,"George Pickens",DAL,"WR29","10","2 out of 5 stars","+11"
"58",6,"Jameson Williams",DET,"WR30","8","3 out of 5 stars","0"
"59",6,"Tony Pollard",TEN,"RB21","10","2 out of 5 stars","+11"
"60",6,"D'Andre Swift",CHI,"RB22","5","3 out of 5 stars","-4"
"61",6,"T.J. Hockenson",MIN,"TE4","6","3 out of 5 stars","0"
"62",6,"Chris Olave",NO,"WR31","11","4 out of 5 stars","+15"
"63",6,"Patrick Mahomes II",KC,"QB6","10","3 out of 5 stars","-13"
"64",6,"David Montgomery",DET,"RB23","8","2 out of 5 stars","-7"
"65",6,"RJ Harvey",DEN,"RB24","12","2 out of 5 stars","-3"
"66",6,"Rashee Rice",KC,"WR32","10","3 out of 5 stars","-11"
"67",6,"Aaron Jones Sr.",MIN,"RB25","6","3 out of 5 stars","0"
"68",6,"Travis Hunter",JAC,"WR33","8","4 out of 5 stars","+1"
"69",6,"Isiah Pacheco",KC,"RB26","10","2 out of 5 stars","-4"
"70",7,"Jerry Jeudy",CLE,"WR34","9","2 out of 5 stars","+3"
"71",7,"Baker Mayfield",TB,"QB7","9","2 out of 5 stars","-8"
"72",7,"Sam LaPorta",DET,"TE5","8","3 out of 5 stars","-20"
"73",7,"Bo Nix",DEN,"QB8","12","4 out of 5 stars","-2"
"74",7,"Travis Kelce",KC,"TE6","10","3 out of 5 stars","-10"
"75",7,"Rome Odunze",CHI,"WR35","5","2 out of 5 stars","+3"
"76",7,"Stefon Diggs",NE,"WR36","14","3 out of 5 stars","+6"
"77",7,"Jakobi Meyers",LV,"WR37","8","4 out of 5 stars","+8"
"78",7,"Kyler Murray",ARI,"QB9","8","4 out of 5 stars","+5"
"79",7,"Tyrone Tracy Jr.",NYG,"RB27","14","3 out of 5 stars","0"
"80",7,"David Njoku",CLE,"TE7","9","3 out of 5 stars","+4"
"81",7,"Jaylen Warren",PIT,"RB28","5","4 out of 5 stars","+6"
"82",7,"Ricky Pearsall",SF,"WR38","14","4 out of 5 stars","+10"
"83",7,"Evan Engram",DEN,"TE8","12","3 out of 5 stars","-2"
"84",7,"Dak Prescott",DAL,"QB10","10","2 out of 5 stars","+18"
"85",7,"Kaleb Johnson",PIT,"RB29","5","4 out of 5 stars","-9"
"86",7,"Mark Andrews",BAL,"TE9","7","3 out of 5 stars","-11"
"87",7,"Emeka Egbuka",TB,"WR39","9","3 out of 5 stars","+14"
"88",7,"Travis Etienne Jr.",JAC,"RB30","8","2 out of 5 stars","+7"
"89",7,"Khalil Shakir",BUF,"WR40","7","3 out of 5 stars","+8"
"90",7,"Brock Purdy",SF,"QB11","14","4 out of 5 stars","+6"
"91",8,"Jordan Addison",MIN,"WR41","6","2 out of 5 stars","-2"
"92",8,"Jauan Jennings",SF,"WR42","14","4 out of 5 stars","+7"
"93",8,"Justin Fields",NYJ,"QB12","9","5 out of 5 stars","+14"
"94",8,"Deebo Samuel Sr.",WAS,"WR43","12","3 out of 5 stars","-14"
"95",8,"Justin Herbert",LAC,"QB13","12","3 out of 5 stars","+14"
"96",8,"Josh Downs",IND,"WR44","11","4 out of 5 stars","+24"
"97",8,"Caleb Williams",CHI,"QB14","5","2 out of 5 stars","+21"
"98",8,"Michael Pittman Jr.",IND,"WR45","11","4 out of 5 stars","+18"
"99",8,"Chris Godwin Jr.",TB,"WR46","9","3 out of 5 stars","-9"
"100",8,"Zach Charbonnet",SEA,"RB31","8","3 out of 5 stars","+15"
"101",8,"Drake Maye",NE,"QB15","14","5 out of 5 stars","+24"
"102",8,"Jared Goff",DET,"QB16","8","2 out of 5 stars","-4"
"103",8,"Joe Mixon",HOU,"RB32","6","2 out of 5 stars","-29"
"104",8,"Javonte Williams",DAL,"RB33","10","2 out of 5 stars","+2"
"105",8,"Cooper Kupp",SEA,"WR47","8","3 out of 5 stars","-19"
"106",8,"Jordan Mason",MIN,"RB34","6","3 out of 5 stars","-2"
"107",8,"Tucker Kraft",GB,"TE10","5","2 out of 5 stars","+4"
"108",8,"Tyler Warren",IND,"TE11","11","3 out of 5 stars","-14"
"109",8,"Jayden Reed",GB,"WR48","5","2 out of 5 stars","+5"
"110",8,"Jordan Love",GB,"QB17","5","2 out of 5 stars","+28"
"111",8,"Matthew Golden",GB,"WR49","5","2 out of 5 stars","-18"
"112",8,"Jake Ferguson",DAL,"TE12","10","2 out of 5 stars","+25"
"113",8,"J.K. Dobbins",DEN,"RB35","12","2 out of 5 stars","-8"
"114",8,"Trevor Lawrence",JAC,"QB18","8","3 out of 5 stars","+43"
"115",8,"Rhamondre Stevenson",NE,"RB36","14","4 out of 5 stars","-5"
"116",8,"C.J. Stroud",HOU,"QB19","6","3 out of 5 stars","+6"
"117",8,"J.J. McCarthy",MIN,"QB20","6","2 out of 5 stars","+25"
"118",8,"Dalton Kincaid",BUF,"TE13","7","3 out of 5 stars","+3"
"119",9,"Austin Ekeler",WAS,"RB37","12","2 out of 5 stars","+12"
"120",9,"Darnell Mooney",ATL,"WR50","5","3 out of 5 stars","+19"
"121",9,"Tank Bigsby",JAC,"RB38","8","2 out of 5 stars","+14"
"122",9,"Cam Skattebo",NYG,"RB39","14","3 out of 5 stars","-22"
"123",9,"Tyjae Spears",TEN,"RB40","10","2 out of 5 stars","+18"
"124",9,"Jacory Croskey-Merritt",WAS,"RB41","12","2 out of 5 stars","+22"
"125",9,"Rachaad White",TB,"RB42","9","3 out of 5 stars","+15"
"126",9,"Keon Coleman",BUF,"WR51","7","3 out of 5 stars","-7"
"127",9,"Dallas Goedert",PHI,"TE14","9","3 out of 5 stars","+3"
"128",9,"Quinshon Judkins",CLE,"RB43","9","4 out of 5 stars","-37"
"129",9,"Rashid Shaheed",NO,"WR52","11","4 out of 5 stars","+18"
"130",9,"Colston Loveland",CHI,"TE15","5","4 out of 5 stars","-18"
"131",9,"Brandon Aiyuk",SF,"WR53","14","4 out of 5 stars","-2"
"132",9,"Christian Kirk",HOU,"WR54","6","4 out of 5 stars","+16"
"133",9,"Najee Harris",LAC,"RB44","12","2 out of 5 stars","-10"
"134",9,"Tua Tagovailoa",MIA,"QB21","12","5 out of 5 stars","+35"
"135",9,"Bryce Young",CAR,"QB22","14","3 out of 5 stars","+41"
"136",9,"Braelon Allen",NYJ,"RB45","9","5 out of 5 stars","+16"
"137",9,"Michael Penix Jr.",ATL,"QB23","5","4 out of 5 stars","+40"
"138",9,"Brian Robinson Jr.",SF,"RB46","14","3 out of 5 stars","-50"
"139",9,"Luther Burden III",CHI,"WR55","5","2 out of 5 stars","+28"
"140",9,"Cedric Tillman",CLE,"WR56","9","2 out of 5 stars","+51"
"141",9,"Ray Davis",BUF,"RB47","7","4 out of 5 stars","+30"
"142",9,"Hunter Henry",NE,"TE16","14","3 out of 5 stars","+23"
"143",9,"Trey Benson",ARI,"RB48","8","3 out of 5 stars","+15"
"144",9,"Rashod Bateman",BAL,"WR57","7","3 out of 5 stars","+26"
"145",9,"Marvin Mims Jr.",DEN,"WR58","12","3 out of 5 stars","+6"
"146",9,"Jaydon Blue",DAL,"RB49","10","2 out of 5 stars","-10"
"147",9,"Kyle Pitts Sr.",ATL,"TE17","5","3 out of 5 stars","-20"
"148",9,"Matthew Stafford",LAR,"QB24","8","3 out of 5 stars","+33"
"149",9,"Tyler Allgeier",ATL,"RB50","5","4 out of 5 stars","+14"
"150",9,"Jerome Ford",CLE,"RB51","9","4 out of 5 stars","+14"
"151",9,"Geno Smith",LV,"QB25","8","3 out of 5 stars","+38"
"152",9,"Jonnu Smith",PIT,"TE18","5","3 out of 5 stars","-18"
"153",10,"Wan'Dale Robinson",NYG,"WR59","14","2 out of 5 stars","+32"
"154",10,"Jayden Higgins",HOU,"WR60","6","4 out of 5 stars","-9"
"155",10,"Zach Ertz",WAS,"TE19","12","3 out of 5 stars","-2"
"156",10,"Denver Broncos",DEN,"DST1","12","4 out of 5 stars","-53"
"157",10,"Marquise Brown",KC,"WR61","10","3 out of 5 stars","+5"
"158",10,"Keenan Allen",LAC,"WR62","12","3 out of 5 stars","-8"
"159",10,"Romeo Doubs",GB,"WR63","5","2 out of 5 stars","+52"
"160",10,"Bhayshul Tuten",JAC,"RB52","8","2 out of 5 stars","-4"
"161",10,"Nick Chubb",HOU,"RB53","6","2 out of 5 stars","-12"
"162",10,"Rico Dowdle",CAR,"RB54","14","3 out of 5 stars","+42"
"163",10,"DeMario Douglas",NE,"WR64","14","3 out of 5 stars","+51"
"164",10,"Dylan Sampson",CLE,"RB55","9","4 out of 5 stars","+41"
"165",10,"Adam Thielen",CAR,"WR65","14","4 out of 5 stars","+7"
"166",10,"Cam Ward",TEN,"QB26","10","2 out of 5 stars","+8"
"167",10,"Kyle Williams",NE,"WR66","14","3 out of 5 stars","+66"
"168",10,"Isaac Guerendo",SF,"RB56","14","3 out of 5 stars","-13"
"169",10,"Philadelphia Eagles",PHI,"DST2","9","2 out of 5 stars","-56"
"170",10,"Sam Darnold",SEA,"QB27","8","4 out of 5 stars","+36"
"171",10,"Pittsburgh Steelers",PIT,"DST3","5","3 out of 5 stars","-45"
"172",10,"Brenton Strange",JAC,"TE20","8","3 out of 5 stars","+18"
"173",10,"Baltimore Ravens",BAL,"DST4","7","3 out of 5 stars","-56"
"174",10,"Tre' Harris",LAC,"WR67","12","3 out of 5 stars","+45"
"175",10,"Joshua Palmer",BUF,"WR68","7","3 out of 5 stars","+59"
"176",10,"Xavier Legette",CAR,"WR69","14","4 out of 5 stars","+2"
"177",10,"Minnesota Vikings",MIN,"DST5","6","2 out of 5 stars","-33"
"178",10,"Jaylen Wright",MIA,"RB57","12","4 out of 5 stars","+2"
"179",10,"Quentin Johnston",LAC,"WR70","12","3 out of 5 stars","+39"
"180",10,"Houston Texans",HOU,"DST6","6","2 out of 5 stars","-47"
"181",10,"Buffalo Bills",BUF,"DST7","7","5 out of 5 stars","-49"
"182",10,"Brandon Aubrey",DAL,"K1","10","4 out of 5 stars","-74"
"183",10,"Kansas City Chiefs",KC,"DST8","10","1 out of 5 stars","-15"
"184",10,"Roschon Johnson",CHI,"RB58","5","3 out of 5 stars","+36"
"185",10,"Detroit Lions",DET,"DST9","8","1 out of 5 stars","-26"
"186",10,"Jake Bates",DET,"K2","8","1 out of 5 stars","-62"
"187",11,"DeAndre Hopkins",BAL,"WR71","7","3 out of 5 stars","+21"
"188",11,"Cameron Dicker",LAC,"K3","12","5 out of 5 stars","-60"
"189",11,"Chig Okonkwo",TEN,"TE21","10","3 out of 5 stars","+21"
"190",11,"Aaron Rodgers",PIT,"QB28","5","4 out of 5 stars","+22"
"191",11,"Pat Freiermuth",PIT,"TE22","5","3 out of 5 stars","+1"
"192",11,"Mike Gesicki",CIN,"TE23","10","2 out of 5 stars","+35"
"193",11,"Blake Corum",LAR,"RB59","8","3 out of 5 stars","+49"
"194",11,"Los Angeles Chargers",LAC,"DST10","12","5 out of 5 stars","0"
"195",11,"Seattle Seahawks",SEA,"DST11","8","3 out of 5 stars","-9"
"196",11,"Jalen Coker",CAR,"WR72","14","4 out of 5 stars","+105"
"197",11,"Wil Lutz",DEN,"K4","12","5 out of 5 stars","-14"
"198",11,"Los Angeles Rams",LAR,"DST12","8","3 out of 5 stars","+2"
"199",11,"Ka'imi Fairbairn",HOU,"K5","6","3 out of 5 stars","-38"
"200",11,"Chase McLaughlin",TB,"K6","9","3 out of 5 stars","-57"
"201",11,"Cade Otton",TB,"TE24","9","3 out of 5 stars","-8"
"202",11,"Green Bay Packers",GB,"DST13","5","2 out of 5 stars","-15"
"203",11,"Mason Taylor",NYJ,"TE25","9","3 out of 5 stars","+47"
"204",11,"Chris Boswell",PIT,"K7","5","1 out of 5 stars","-50"
"205",11,"Michael Wilson",ARI,"WR73","8","4 out of 5 stars","+105"
"206",11,"Harrison Butker",KC,"K8","10","3 out of 5 stars","-33"
"207",11,"Alec Pierce",IND,"WR74","11","4 out of 5 stars","+46"
"208",11,"Jalen McMillan",TB,"WR75","9","3 out of 5 stars","+38"
"209",11,"Isaiah Likely",BAL,"TE26","7","3 out of 5 stars","-27"
"210",11,"Tyler Bass",BUF,"K9","7","2 out of 5 stars","-31"
"211",11,"Justice Hill",BAL,"RB60","7","4 out of 5 stars","+26"
"212",11,"Evan McPherson",CIN,"K10","10","1 out of 5 stars","-17"
"213",11,"Adonai Mitchell",IND,"WR76","11","4 out of 5 stars","+65"
"214",11,"MarShawn Lloyd",GB,"RB61","5","4 out of 5 stars","+16"
"215",11,"New York Jets",NYJ,"DST14","9","5 out of 5 stars","-12"
"216",11,"Jack Bech",LV,"WR77","8","4 out of 5 stars","+20"
"217",11,"Will Shipley",PHI,"RB62","9","3 out of 5 stars","+4"
"218",11,"San Francisco 49ers",SF,"DST15","14","5 out of 5 stars","-58"
"219",11,"Jake Elliott",PHI,"K11","9","2 out of 5 stars","-53"
"220",11,"Darius Slayton",NYG,"WR78","14","2 out of 5 stars","+56"
"221",11,"Ollie Gordon II",MIA,"RB63","12","4 out of 5 stars","+40"
"222",11,"Elic Ayomanor",TEN,"WR79","10","4 out of 5 stars","+43"
"223",11,"Kareem Hunt",KC,"RB64","10","2 out of 5 stars","-14"
"224",11,"Woody Marks",HOU,"RB65","6","2 out of 5 stars","+44"
"225",11,"Kyle Monangai",CHI,"RB66","5","3 out of 5 stars","+35"
"226",11,"DJ Giddens",IND,"RB67","11","2 out of 5 stars","+32"
"227",11,"Andrei Iosivas",CIN,"WR80","10","3 out of 5 stars","+73"
"228",11,"Dalton Schultz",HOU,"TE27","6","3 out of 5 stars","-6"
"229",11,"Kendre Miller",NO,"RB68","11","4 out of 5 stars","0"
"230",11,"Dontayvion Wicks",GB,"WR81","5","2 out of 5 stars","+61"
"231",11,"Pat Bryant",DEN,"WR82","12","3 out of 5 stars","+46"
"232",11,"Daniel Jones",IND,"QB29","11","3 out of 5 stars","+86"
"233",11,"Tyler Lockett",TEN,"WR83","10","4 out of 5 stars","+61"
"234",11,"Jaylin Noel",HOU,"WR84","6","4 out of 5 stars","+35"
"235",11,"Miles Sanders",DAL,"RB69","10","2 out of 5 stars","+17"
"236",11,"Calvin Austin III",PIT,"WR85","5","4 out of 5 stars","-4"
"237",11,"Russell Wilson",NYG,"QB30","14","1 out of 5 stars","+17"
"238",12,"Jason Sanders",MIA,"K12","12","2 out of 5 stars","-63"
"239",12,"Keaton Mitchell",BAL,"RB70","7","4 out of 5 stars","+18"
"240",12,"Younghoe Koo",ATL,"K13","5","4 out of 5 stars","-41"
"241",12,"Ja'Tavion Sanders",CAR,"TE28","14","4 out of 5 stars","+4"
"242",12,"Juwan Johnson",NO,"TE29","11","3 out of 5 stars","+30"
"243",12,"Elijah Arroyo",SEA,"TE30","8","4 out of 5 stars","-2"
"244",12,"Dallas Cowboys",DAL,"DST16","10","0 out of 5 stars","-48"
"245",12,"Jalen Royals",KC,"WR86","10","3 out of 5 stars","+18"
"246",12,"Chris Rodriguez Jr.",WAS,"RB71","12","2 out of 5 stars","+76"
"247",12,"Matt Gay",WAS,"K14","12","3 out of 5 stars","-34"
"248",12,"Dyami Brown",JAC,"WR87","8","4 out of 5 stars","+34"
"249",12,"Roman Wilson",PIT,"WR88","5","4 out of 5 stars","+13"
"250",12,"Jaleel McLaughlin",DEN,"RB72","12","2 out of 5 stars","+20"
"251",12,"Cole Kmet",CHI,"TE31","5","4 out of 5 stars","+5"
"252",12,"Anthony Richardson Sr.",IND,"QB31","11","3 out of 5 stars","-26"
"253",12,"Tahj Brooks",CIN,"RB73","10","4 out of 5 stars","+32"
"254",12,"Devaughn Vele",NO,"WR89","11","4 out of 5 stars","+128"
"255",12,"Diontae Johnson",CLE,"WR90","9","2 out of 5 stars","+50"
"256",12,"Tampa Bay Buccaneers",TB,"DST17","9","3 out of 5 stars","-49"
"257",12,"Dont'e Thornton Jr.",LV,"WR91","8","4 out of 5 stars","-2"
"258",12,"Raheem Mostert",LV,"RB74","8","2 out of 5 stars","-35"
"259",12,"Tory Horton",SEA,"WR92","8","3 out of 5 stars","-21"
"260",12,"Brashard Smith",KC,"RB75","10","2 out of 5 stars","+23"
"261",12,"Jarquez Hunter",LAR,"RB76","8","3 out of 5 stars","+26"
"262",12,"Brandin Cooks",NO,"WR93","11","4 out of 5 stars","+119"
"263",12,"Devin Neal",NO,"RB77","11","4 out of 5 stars","+40"
"264",12,"Jalen Tolbert",DAL,"WR94","10","2 out of 5 stars","+84"
"265",12,"Sean Tucker",TB,"RB78","9","3 out of 5 stars","+43"
"266",12,"Elijah Moore",BUF,"WR95","7","3 out of 5 stars","+60"
"267",12,"Malik Washington",MIA,"WR96","12","3 out of 5 stars","+157"
"268",12,"Joe Flacco",CLE,"QB32","9","2 out of 5 stars","+6"
"269",12,"Joshua Karty",LAR,"K15","8","2 out of 5 stars","+26"
"270",12,"Kayshon Boutte",NE,"WR97","14","3 out of 5 stars","+10"
"271",12,"Elijah Mitchell",KC,"RB79","10","2 out of 5 stars","-12"
"272",12,"Kenneth Gainwell",PIT,"RB80","5","4 out of 5 stars","+61"
"273",12,"Theo Johnson",NYG,"TE32","14","2 out of 5 stars","+33"
"274",12,"Trevor Etienne",CAR,"RB81","14","3 out of 5 stars","-39"
"275",12,"Devin Singletary",NYG,"RB82","14","3 out of 5 stars","+23"
"276",12,"Harold Fannin Jr.",CLE,"TE33","9","3 out of 5 stars","+35"
"277",12,"Antonio Gibson",NE,"RB83","14","4 out of 5 stars","+9"
"278",12,"Nick Westbrook-Ikhine",MIA,"WR98","12","3 out of 5 stars","+94"
"279",12,"Noah Gray",KC,"TE34","10","3 out of 5 stars","-13"
"280",12,"Tre Tucker",LV,"WR99","8","4 out of 5 stars","+78"
"281",12,"Isaac TeSlaa",DET,"WR100","8","3 out of 5 stars","-50"
"282",12,"Ty Johnson",BUF,"RB84","7","4 out of 5 stars","+38"
"283",12,"Audric Estime",DEN,"RB85","12","2 out of 5 stars","+33"
"284",12,"Darren Waller",MIA,"TE35","12","3 out of 5 stars","-87"
"285",12,"Dameon Pierce",HOU,"RB86","6","2 out of 5 stars","+22"
"286",12,"Cleveland Browns",CLE,"DST18","9","3 out of 5 stars","-35"
"287",12,"Jalen Nailor",MIN,"WR101","6","2 out of 5 stars","+30"
"288",13,"Tyler Shough",NO,"QB33","11","5 out of 5 stars","+27"
"289",13,"Chicago Bears",CHI,"DST19","5","2 out of 5 stars","-74"
"290",13,"Jaxson Dart",NYG,"QB34","14","1 out of 5 stars","-41"
"291",13,"Isaiah Davis",NYJ,"RB87","9","5 out of 5 stars","+305"
"292",13,"Parker Washington",JAC,"WR102","8","4 out of 5 stars","+118"
"293",13,"Luke McCaffrey",WAS,"WR103","12","3 out of 5 stars","+19"
"294",13,"Tyler Loop",BAL,"K16","7","2 out of 5 stars","-110"
"295",13,"Tim Patrick",DET,"WR104","8","3 out of 5 stars","+52"
"296",13,"Taysom Hill",NO,"TE36","11","3 out of 5 stars","-49"
"297",13,"Jordan James",SF,"RB88","14","3 out of 5 stars","-16"
"298",13,"Daniel Carlson",LV,"K17","8","3 out of 5 stars","-82"
"299",13,"Will Reichard",MIN,"K18","6","0 out of 5 stars","-74"
"300",13,"Terrance Ferguson",LAR,"TE37","8","4 out of 5 stars","-1"
"301",13,"Khalil Herbert",IND,"RB89","11","2 out of 5 stars","+257"
"302",13,"Xavier Restrepo",TEN,"WR105","10","4 out of 5 stars","+67"
"303",13,"Ray-Ray McCloud III",ATL,"WR106","5","3 out of 5 stars","-1"
"304",13,"Amari Cooper",FA,"WR107","-","-","+20"
"305",13,"Kimani Vidal",LAC,"RB90","12","2 out of 5 stars","+262"
"306",13,"Noah Fant",CIN,"TE38","10","2 out of 5 stars","+23"
"307",13,"Christian Watson",GB,"WR108","5","2 out of 5 stars","+30"
"308",13,"Sincere McCormick",LV,"RB91","8","2 out of 5 stars","+277"
"309",13,"Emanuel Wilson",GB,"RB92","5","4 out of 5 stars","+32"
"310",13,"Jermaine Burton",CIN,"WR109","10","3 out of 5 stars","+111"
"311",13,"New England Patriots",NE,"DST20","14","4 out of 5 stars","-94"
"312",13,"Tyler Higbee",LAR,"TE39","8","4 out of 5 stars","-28"
"313",13,"Shedeur Sanders",CLE,"QB35","9","2 out of 5 stars","-70"
"314",13,"Damien Martinez",SEA,"RB93","8","3 out of 5 stars","+41"
"315",13,"Tutu Atwell",LAR,"WR110","8","3 out of 5 stars","+13"
"316",13,"Phil Mafah",DAL,"RB94","10","2 out of 5 stars","+213"
"317",13,"Oronde Gadsden II",LAC,"TE40","12","3 out of 5 stars","+36"
"318",13,"Chris Brooks",GB,"RB95","5","4 out of 5 stars","+277"
"319",13,"Arizona Cardinals",ARI,"DST21","8","4 out of 5 stars","-121"
"320",13,"Troy Franklin",DEN,"WR111","12","3 out of 5 stars","-76"
"321",13,"Tez Johnson",TB,"WR112","9","3 out of 5 stars","+72"
"322",13,"Ty Chandler",MIN,"RB96","6","3 out of 5 stars","+68"
"323",13,"Jordan Whittington",LAR,"WR113","8","3 out of 5 stars","+39"
"324",13,"Samaje Perine",CIN,"RB97","10","4 out of 5 stars","-53"
"325",13,"Josh Reynolds",NYJ,"WR114","9","4 out of 5 stars","+173"
"326",13,"Raheim Sanders",LAC,"RB98","12","2 out of 5 stars","+473"
"327",13,"Will Dissly",LAC,"TE41","12","3 out of 5 stars","+16"
"328",13,"Jason Myers",SEA,"K19","8","5 out of 5 stars","-35"
"329",13,"Ben Sinnott",WAS,"TE42","12","3 out of 5 stars","+49"
"330",13,"Tyler Conklin",LAC,"TE43","12","3 out of 5 stars","-38"
"331",13,"Noah Brown",WAS,"WR115","12","3 out of 5 stars","+108"
"332",13,"Zamir White",LV,"RB99","8","2 out of 5 stars","+3"
"333",13,"Spencer Rattler",NO,"QB36","11","5 out of 5 stars","+79"
"334",13,"Miami Dolphins",MIA,"DST22","12","2 out of 5 stars","-94"
"335",13,"KaVontae Turpin",DAL,"WR116","10","2 out of 5 stars","+17"
"336",14,"Gabe Davis",FA,"WR117","-","-","+136"
"337",14,"Demarcus Robinson",SF,"WR118","14","4 out of 5 stars","+29"
"338",14,"Zack Moss",FA,"RB100","-","-","-99"
"339",14,"Jalen Milroe",SEA,"QB37","8","4 out of 5 stars","-66"
"340",14,"A.J. Dillon",PHI,"RB101","9","3 out of 5 stars","-36"
"341",14,"Tai Felton",MIN,"WR119","6","2 out of 5 stars","+64"
"342",14,"KeAndre Lambert-Smith",LAC,"WR120","12","3 out of 5 stars","+19"
"343",14,"Isaiah Bond",CLE,"WR121","9","2 out of 5 stars","+44"
"344",14,"John Metchie III",PHI,"WR122","9","3 out of 5 stars","+19"
"345",14,"Cam Akers",NO,"RB102","11","4 out of 5 stars","+73"
"346",14,"New York Giants",NYG,"DST23","14","1 out of 5 stars","-144"
"347",14,"Jaylin Lane",WAS,"WR123","12","3 out of 5 stars","+194"
"348",14,"Marquez Valdes-Scantling",SEA,"WR124","8","3 out of 5 stars","-51"
"349",14,"AJ Barner",SEA,"TE44","8","4 out of 5 stars","+1"
"350",14,"Brandon McManus",GB,"K20","5","3 out of 5 stars","-126"
"351",14,"Justin Tucker",FA,"K21","-","-","-72"
"352",14,"Michael Mayer",LV,"TE45","8","2 out of 5 stars","-14"
"353",14,"Cam Little",JAC,"K22","8","5 out of 5 stars","-165"
"354",14,"Dawson Knox",BUF,"TE46","7","3 out of 5 stars","-40"
"355",14,"Kirk Cousins",ATL,"QB38","5","4 out of 5 stars","-46"
"356",14,"Jake Moody",SF,"K23","14","5 out of 5 stars","-128"
"357",14,"Olamide Zaccheaus",CHI,"WR125","5","2 out of 5 stars","-12"
"358",14,"Savion Williams",GB,"WR126","5","2 out of 5 stars","+57"
"359",14,"Chimere Dike",TEN,"WR127","10","4 out of 5 stars","+238"
"360",14,"Luke Musgrave",GB,"TE47","5","2 out of 5 stars","-26"
"361",14,"Allen Lazard",NYJ,"WR128","9","4 out of 5 stars","+12"
"362",14,"Emari Demercado",ARI,"RB103","8","3 out of 5 stars","+220"
"363",14,"Mack Hollins",NE,"WR129","14","3 out of 5 stars","+17"
"364",14,"Gunnar Helm",TEN,"TE48","10","3 out of 5 stars","+56"
"365",14,"Curtis Samuel",BUF,"WR130","7","3 out of 5 stars","+27"
"366",14,"Washington Commanders",WAS,"DST24","12","4 out of 5 stars","-165"
"367",14,"Gus Edwards",FA,"RB104","-","-","+260"
"368",14,"LeQuint Allen Jr.",JAC,"RB105","8","2 out of 5 stars","+252"
"369",14,"Donovan Edwards",NYJ,"RB106","9","5 out of 5 stars","+232"
"370",14,"Greg Dortch",ARI,"WR131","8","4 out of 5 stars","+164"
"371",14,"Jameis Winston",NYG,"QB39","14","1 out of 5 stars","-40"
"372",14,"Kalel Mullings",TEN,"RB107","10","2 out of 5 stars","+159"
"373",14,"Austin Hooper",NE,"TE49","14","3 out of 5 stars","-22"
"374",14,"Zay Jones",ARI,"WR132","8","4 out of 5 stars","+164"
"375",14,"Trey Sermon",PIT,"RB108","5","4 out of 5 stars","+137"
"376",14,"Dillon Gabriel",CLE,"QB40","9","2 out of 5 stars","+164"
"377",14,"Jahan Dotson",PHI,"WR133","9","3 out of 5 stars","-38"
"378",14,"Tank Dell",HOU,"WR134","6","4 out of 5 stars","-51"
"379",14,"Eddy Pineiro",FA,"K24","-","-","+120"
"380",14,"Atlanta Falcons",ATL,"DST25","5","3 out of 5 stars","-90"
"381",14,"Van Jefferson",TEN,"WR135","10","4 out of 5 stars","+122"
"382",14,"Matt Prater",FA,"K25","-","-","+155"
"383",14,"Kenny Pickett",CLE,"QB41","9","2 out of 5 stars","+36"
"384",14,"Hunter Renfrow",CAR,"WR136","14","4 out of 5 stars","-52"
"385",14,"Jimmy Garoppolo",LAR,"QB42","8","3 out of 5 stars","-29"
"386",14,"Craig Reynolds",DET,"RB109","8","2 out of 5 stars","+5"
"387",14,"Indianapolis Colts",IND,"DST26","11","4 out of 5 stars","-123"
"388",14,"Kyle Juszczyk",SF,"RB110","14","3 out of 5 stars","+37"
"389",14,"Robert Woods",PIT,"WR137","5","4 out of 5 stars","+19"
"390",14,"Foster Moreau",NO,"TE50","11","3 out of 5 stars","+212"
"391",14,"Luke Schoonmaker",DAL,"TE51","10","2 out of 5 stars","-14"
"392",14,"Cade Stover",HOU,"TE52","6","3 out of 5 stars","+87"
"393",14,"Jacob Cowing",SF,"WR138","14","4 out of 5 stars","+243"
"394",15,"Theo Wease Jr.",MIA,"WR139","12","3 out of 5 stars","-"
"395",15,"Antwane Wells Jr.",NYG,"WR140","14","2 out of 5 stars","-"
"396",15,"Cincinnati Bengals",CIN,"DST27","10","2 out of 5 stars","-148"
"397",15,"Tyrod Taylor",NYJ,"QB43","9","5 out of 5 stars","+240"
"398",15,"Efton Chism III",NE,"WR141","14","3 out of 5 stars","-62"
"399",15,"Jamari Thrash",CLE,"WR142","9","2 out of 5 stars","+144"
"400",15,"Jonathon Brooks",CAR,"RB111","14","3 out of 5 stars","+407"
"401",15,"Tommy Tremble",CAR,"TE53","14","4 out of 5 stars","+13"
"402",15,"Arian Smith",NYJ,"WR143","9","4 out of 5 stars","+171"
"403",15,"Chad Ryland",ARI,"K26","8","3 out of 5 stars","-82"
"404",15,"Josh Oliver",MIN,"TE54","6","3 out of 5 stars","-37"
"405",15,"Ja'Quinden Jackson",JAC,"RB112","8","2 out of 5 stars","+449"
"406",15,"Jeremy McNichols",WAS,"RB113","12","2 out of 5 stars","+160"
"407",15,"Xavier Hutchinson",HOU,"WR144","6","4 out of 5 stars","+265"
"408",15,"JuJu Smith-Schuster",KC,"WR145","10","3 out of 5 stars","-62"
"409",15,"Blake Grupe",NO,"K27","11","5 out of 5 stars","-86"
"410",15,"Grant Calcaterra",PHI,"TE55","9","3 out of 5 stars","-25"
"411",15,"Pierre Strong Jr.",CLE,"RB114","9","4 out of 5 stars","+256"
"412",15,"Aidan O'Connell",LV,"QB44","8","3 out of 5 stars","+135"
"413",15,"Joe Milton III",DAL,"QB45","10","2 out of 5 stars","-69"
"414",15,"Jordan Watkins",SF,"WR146","14","4 out of 5 stars","+142"
"415",15,"Mason Rudolph",PIT,"QB46","5","4 out of 5 stars","-66"
"416",15,"Dare Ogunbowale",HOU,"RB115","6","2 out of 5 stars","+235"
"417",15,"New Orleans Saints",NO,"DST28","11","4 out of 5 stars","-142"
"418",15,"Jalin Hyatt",NYG,"WR147","14","2 out of 5 stars","-44"
"419",15,"Kendrick Bourne",NE,"WR148","14","3 out of 5 stars","+44"
"420",15,"Clyde Edwards-Helaire",NO,"RB116","11","4 out of 5 stars","+155"
"421",15,"Carson Steele",KC,"RB117","10","2 out of 5 stars","-20"
"422",15,"Cairo Santos",CHI,"K28","5","1 out of 5 stars","-126"
"423",15,"Tyler Goodson",IND,"RB118","11","2 out of 5 stars","+123"
"424",15,"Jeremy Ruckert",NYJ,"TE56","9","3 out of 5 stars","+141"
"425",15,"Jonathan Mingo",DAL,"WR149","10","2 out of 5 stars","+105"
"426",15,"Devontez Walker",BAL,"WR150","7","3 out of 5 stars","+131"
"427",15,"Jimmy Horn Jr.",CAR,"WR151","14","4 out of 5 stars","-62"
"428",15,"Javon Baker",NE,"WR152","14","3 out of 5 stars","+251"
"429",15,"Deshaun Watson",CLE,"QB47","9","2 out of 5 stars","-43"
"430",15,"Graham Gano",NYG,"K29","14","0 out of 5 stars","-111"
"431",15,"Chris Tyree",NO,"RB119","11","4 out of 5 stars","-"
"432",15,"D'Ernest Johnson",BAL,"RB120","7","4 out of 5 stars","+288"
"433",15,"Alec Ingold",MIA,"RB121","12","4 out of 5 stars","+226"
"434",15,"Mitchell Evans",CAR,"TE57","14","4 out of 5 stars","-11"
"435",15,"Malik Willis",GB,"QB48","5","2 out of 5 stars","-78"
"436",15,"George Holani",SEA,"RB122","8","3 out of 5 stars","+83"
"437",15,"Las Vegas Raiders",LV,"DST29","8","4 out of 5 stars","-170"
"438",15,"Kalif Raymond",DET,"WR153","8","3 out of 5 stars","-44"
"439",15,"Stone Smartt",NYJ,"TE58","9","3 out of 5 stars","+336"
"440",15,"Julius Chestnut",TEN,"RB123","10","2 out of 5 stars","+49"
"441",15,"Jake Haener",NO,"QB49","11","5 out of 5 stars","+340"
"442",15,"Elijah Higgins",ARI,"TE59","8","5 out of 5 stars","-67"
"443",15,"Tyler Johnson",NYJ,"WR154","9","4 out of 5 stars","+182"
"444",15,"Zach Wilson",MIA,"QB50","12","5 out of 5 stars","+6"
"445",15,"Malachi Corley",NYJ,"WR155","9","4 out of 5 stars","+369"
"446",15,"DeAndre Carter",CLE,"WR156","9","2 out of 5 stars","+247"
"447",15,"Greg Dulcich",NYG,"TE60","14","2 out of 5 stars","+437"
"448",15,"Sione Vaki",DET,"RB124","8","2 out of 5 stars","+151"
"449",15,"KhaDarel Hodge",ATL,"WR157","5","3 out of 5 stars","+139"
"450",15,"Will Howard",PIT,"QB51","5","4 out of 5 stars","-80"
"451",15,"Marcus Yarns",NO,"RB125","11","4 out of 5 stars","+331"
"452",15,"Hunter Luepke",DAL,"RB126","10","2 out of 5 stars","+140"
"453",15,"Josh Whyle",TEN,"TE61","10","3 out of 5 stars","+154"
"454",15,"Carlos Washington Jr.",ATL,"RB127","5","4 out of 5 stars","-"
"455",15,"Darnell Washington",PIT,"TE62","5","3 out of 5 stars","-115"
"456",15,"Bub Means",NO,"WR158","11","4 out of 5 stars","+225"
"457",15,"Tyquan Thornton",KC,"WR159","10","3 out of 5 stars","+98"
"458",15,"Julian Hill",MIA,"TE63","12","3 out of 5 stars","-56"
"459",15,"Michael Gallup",WAS,"WR160","12","3 out of 5 stars","+174"
"460",15,"Deuce Vaughn",DAL,"RB128","10","2 out of 5 stars","-43"
"461",15,"Marcus Mariota",WAS,"QB52","12","2 out of 5 stars","-45"
"462",15,"Cordarrelle Patterson",FA,"RB129","-","-","+146"
"463",15,"Daniel Bellinger",NYG,"TE64","14","2 out of 5 stars","-15"
"464",15,"Michael Carter",ARI,"RB130","8","3 out of 5 stars","+88"
"465",15,"Casey Washington",ATL,"WR161","5","3 out of 5 stars","+340"
"466",15,"Luke Lachey",HOU,"TE65","6","3 out of 5 stars","-"
"467",15,"Jaydn Ott",FA,"RB131","-","-","-"
"468",15,"Jeff Wilson Jr.",SF,"RB132","14","3 out of 5 stars","+185"
"469",15,"Jacoby Brissett",ARI,"QB53","8","4 out of 5 stars","+178"
"470",15,"Sam Howell",MIN,"QB54","6","2 out of 5 stars","-37"
"471",16,"Dylan Laube",LV,"RB133","8","2 out of 5 stars","+341"
"472",16,"DeeJay Dallas",ARI,"RB134","8","3 out of 5 stars","+263"
"473",16,"Lucky Jackson",MIN,"WR162","6","2 out of 5 stars","+51"
"474",16,"Jake Bobo",SEA,"WR163","8","3 out of 5 stars","-114"
"475",16,"Jacksonville Jaguars",JAC,"DST30","8","4 out of 5 stars","-186"
"476",16,"Cedrick Wilson Jr.",NO,"WR164","11","4 out of 5 stars","+69"
"477",16,"K.J. Osborn",WAS,"WR165","12","3 out of 5 stars","+255"
"478",16,"Thomas Fidone II",NYG,"TE66","14","2 out of 5 stars","+319"
"479",16,"David Bell",CLE,"WR166","9","2 out of 5 stars","+139"
"480",16,"Kylen Granson",PHI,"TE67","9","3 out of 5 stars","+139"
"481",16,"Hunter Long",JAC,"TE68","8","3 out of 5 stars","-"
"482",16,"Gardner Minshew II",KC,"QB55","10","3 out of 5 stars","-82"
"483",16,"Ronnie Rivers",LAR,"RB135","8","3 out of 5 stars","+291"
"484",16,"Tyler Badie",DEN,"RB136","12","2 out of 5 stars","+181"
"485",16,"Tennessee Titans",TEN,"DST31","10","5 out of 5 stars","-197"
"486",16,"Carolina Panthers",CAR,"DST32","14","3 out of 5 stars","-161"
"487",16,"Tyson Bagent",CHI,"QB56","5","2 out of 5 stars","+74"
"488",16,"Mac Jones",SF,"QB57","14","4 out of 5 stars","-100"
"489",16,"Beaux Collins",NYG,"WR167","14","2 out of 5 stars","+290"
"490",16,"Quinn Ewers",MIA,"QB58","12","5 out of 5 stars","-62"
"491",16,"C.J. Ham",MIN,"RB137","6","3 out of 5 stars","-6"
"492",16,"Patrick Ricard",BAL,"RB138","7","4 out of 5 stars","-45"
"493",16,"Colby Parkinson",LAR,"TE69","8","4 out of 5 stars","+40"
"494",16,"Michael Burton",DEN,"RB139","12","2 out of 5 stars","+90"
"495",16,"Cooper Rush",BAL,"QB59","7","3 out of 5 stars","-98"
"496",16,"Andrew Beck",NYJ,"TE70","9","3 out of 5 stars","+372"
"497",16,"Harrison Bryant",HOU,"TE71","6","3 out of 5 stars","+165"
"498",16,"Pharaoh Brown",MIA,"TE72","12","3 out of 5 stars","+202"
"499",16,"Brock Wright",DET,"TE73","8","3 out of 5 stars","-116"
"500",16,"Ezekiel Elliott",FA,"RB140","-","-","-40"
"501",16,"Jase McClellan",TB,"RB141","9","3 out of 5 stars","+303"
"502",16,"Luke Farrell",SF,"TE74","14","3 out of 5 stars","+84"
"503",16,"Rasheen Ali",BAL,"RB142","7","4 out of 5 stars","+77"
"504",16,"Jelani Woods",IND,"TE75","11","3 out of 5 stars","+255"
"505",16,"Jake Browning",CIN,"QB60","10","2 out of 5 stars","-92"
"506",16,"Charlie Woerner",ATL,"TE76","5","3 out of 5 stars","+108"
"507",16,"Tanner Hudson",CIN,"TE77","10","2 out of 5 stars","+147"
"508",16,"Jakob Johnson",HOU,"RB143","6","2 out of 5 stars","+205"
"509",16,"David Moore",CAR,"WR168","14","4 out of 5 stars","-113"
"510",16,"Tylan Wallace",BAL,"WR169","7","3 out of 5 stars","-56"
"511",16,"John Bates",WAS,"TE78","12","3 out of 5 stars","-7"
"512",16,"Adam Trautman",DEN,"TE79","12","3 out of 5 stars","-90"
"513",16,"Derius Davis",LAC,"WR170","12","3 out of 5 stars","+59"
"514",16,"Johnny Mundt",JAC,"TE80","8","3 out of 5 stars","+185"
"515",16,"Scotty Miller",PIT,"WR171","5","4 out of 5 stars","+56"
"516",16,"Charlie Kolar",BAL,"TE81","7","3 out of 5 stars","+110"